Name,Perigee_km,Apogee_km,Period_minutes
AAUSat-3,770,787,100.42
"ABS-1 (LMI-1, Lockheed Martin-Intersputnik-1)",35777,35794,1436.08
"ABS-1A (Koreasat 2, Mugunghwa 2, ABS-1A)",35785,35789,1436.13
"ABS-2i (MBSat, Mobile Broadcasting Satellite, Han Byul)",35780,35793,1436.1
"ABS-7 (Koreasat 3, Mugungwha 3)",35780,35791,1436.06
AcrimSat (Active Cavity Radiometer Irradiance Monitor),670,710,98.6
"Advanced Orion 2 (NROL 6, USA 139)",35560,36013,1436.14
"Advanced Orion 3 (NROL 19, USA 171)",35589,35984,1436.1
"Advanced Orion 4 (NRO L-26, USA 202)",35714,35937,1438.8
"Advanced Orion 5 (NRO L-32, USA 223)",35500,35500,NaN
"Advanced Orion 6 (NRO L-15, USA 237)",35771,35805,23.94
"AEHF-1 (Advanced Extremely High Frequency satellite-1, USA 214)",35872,36103,1446.36
"AEHF-2 (Advanced Extremely High Frequency satellite-2, USA 235)",35700,35700,1306.29
"AEHF-3 (Advanced Extremely High Frequency satellite-3, USA 246)",35700,35700,1306.29
Aeneas,480,790,97.4
Aerocube 4.5A,495,791,97.5
Aerocube 4.5B,499,792,97.6
Aerocube 5A,443,886,98
Aerocube 5B,443,886,98
"Afghansat-1 (Eutelsat 28B, Eutelsat 48B, Eutelsat W2M)",35764,35808,1436.08
"Africasat-1 (Measat 1, Malaysia East Asia Sat 1)",35784,35787,1436.06
Afristar,35770,35802,1436.09
"Agila 2/ABS-5 (Agila 2, Mabuhay 1)",35769,35802,1436.07
AGILE (Astro-rivelatore Gamma a Immagini Leggaro),510,534,95.1
AIM (Aeronomy of Ice in Mesosphere),570,583,96.2
AISSat-1 (Automatic Identification System Satellite-1),615,632,97.2
AIST-1,599,626,96.9
AIST-2,558,582,96.06
Akebono (EXOS-D),264,5732,150.4
ALiCEÊÊ(AFIT LEO iMESA CNT E),443,886,98
Alphasat I-XLÊÊ(Inmarsat IV-A F4),35786,35787,1436.09
Alsat-2A (Algeria Satellite 2A),672,674,98.2
Amazonas-1,35776,35797,1436.1
Amazonas-2,35767,35805,1436.08
Amazonas-3,35781,35791,1436.05
"AMC-1 (Americom 1, GE-1)",35772,35800,1436.1
"AMC-10 (Americom-10, GE 10)",35775,35797,1436.09
"AMC-11 (Americom-11, GE 11)",35774,35797,1436.07
AMC-15 (Americom-15),35777,35795,1436.08
AMC-16 (Americom-16),35780,35793,1436.1
AMC-18 (Americom 18),35773,35800,1436.1
"AMC-2 (Americom 2, GE-2)",35774,35798,1436.1
AMC-21 (Americom 21),35778,35793,1436.1
"AMC-3 (Americom 3, GE-3)",35777,35795,1436.08
"AMC-4 (Americom-4, GE-4)",35781,35791,1436.1
"AMC-5 (Americom-5, GE-5)",35777,35796,1436.1
"AMC-6 (Americom-6, GE-6)",35778,35795,1436.12
"AMC-7 (Americom-7, GE-7)",35773,35798,1436.08
"AMC-8 (Americom-8, GE-8, Aurora 3)",35773,35798,1436.07
"AMC-9 (Americom 9, GE-12)",35773,35798,1436.08
Amos 2,35778,35794,1436.08
Amos 3,35783,35789,1436.1
Amos 4,35633,35796,1432
Amos 5,35595,36007,1436.08
Amsat-Oscar 7 (AO-7),1440,1459,114.9
Anik F1,35778,35793,1436.08
Anik F1R,35777,35795,1436.1
Anik F2,35781,35790,1436.08
Anik F3,35778,35794,1436.1
Anik G1,35773,35799,1436.08
AprizeSat 1 (LatinSat-C),696,764,99.4
AprizeSat 2 (LatinSat-D),694,850,100.3
AprizeSat 3,563,572,97
AprizeSat 4,604,674,97.5
AprizeSat 5,610,694,97.8
AprizeSat 6,627,694,98
AprizeSat 7,594,653,97.17
AprizeSat 8,594,669,97.99
Apstar 1,35782,35795,1436.21
Apstar 1A,35779,35790,1436.03
Apstar 6,35778,35794,1436.08
Apstar 7,35864,35874,1440.31
Arabsat 5C,35766,35805,1436.06
Arabsat 7F (Nimiq 1),35778,35794,1436.09
Ardusat-1,410,415,92.81
Artemis (Advanced Data Relay and Technology Mission Satellite),35771,35803,1436.12
AsiaSat 3S (Asiasat 3SA),35780,35792,1436.07
AsiaSat 4,35784,35789,1436.1
AsiaSat 5,35778,35795,1436.11
AsiaSat 7,35782,35793,1436.17
AsiaStar,35773,35801,1436.15
Astra 1D,35776,35795,1436.08
Astra 1E,35774,35799,1436.13
Astra 1F,35778,35797,1436.15
Astra 1G,35780,35791,1436.08
Astra 1H,35776,35794,1436.04
Astra 1KR,35766,35807,1436.1
Astra 1L,35772,35798,1436.03
Astra 1M,35804,35852,1438.2
Astra 1N,35715,35780,1434.1
Astra 2A,35776,35797,1436.12
Astra 2B,35772,35801,1436.11
Astra 2C,35768,35804,1436.12
Astra 2D,35770,35802,1436.1
Astra 2E,35781,35793,1436.12
Astra 2F,35777,35795,1436.07
Astra 3A,35770,35804,1436.07
Astra 3B,35768,35806,1436.11
Azerspace/Africasat-1a (Azersat-1),35778,35794,1436.08
Badr 2 (Badr B),984,1014,105.1
Badr 4 (Arabsat 4B),35780,35791,1436.06
Badr 5 (Arabsat 5B),35834,35883,1439.76
Badr 5A (Arabsat 5A),35605,35623,1427.27
Badr 6 (Arabsat 4AR),35768,35805,1436.1
BeeSat-1 (Berlin Experimental and Educational Satellite 1),709,718,99
BeeSat-2 (Berlin Experimental and Educational Satellite 2),555,579,96.01
BeeSat-3 (Berlin Experimental and Educational Satellite 3),554,581,96.01
"BeijinGalaxy-1 (Beijing 1 [Tsinghua], Tsinghau-2, China DMC+4)",681,703,98.6
Bird 2 (Bispectral InfraRed Detector 2),500,521,94.8
BKA (BelKA 2),503,507,94.7
Bonum 1 (Most 1),35777,35795,1436.09
Brazilsat B-2 (Brasilsat B-2),35776,35797,1436.11
Brazilsat B-3 (Brasilsat B-3),35769,35803,1436.07
Brazilsat B-4 (Brasilsat B-4),35772,35800,1436.09
BRITE-PL-1 (BRIght-star Target Explorer - Poland),594,886,99.6
BSAT-3A,35778,35794,1436.1
BSAT-3B,33066,35725,1365.61
BSAT-3C/JCSat 110-R,35784,35787,1436.04
C/NOFS (Communication/Navigation Outage Forecasting System),403,813,96.85
Calipso (Cloud-Aerosol Lidar and Infrared Pathfinder Satellite Observation),702,703,98.8
Canopus-BÊ(Kanopus Vulcan 1)Ê,501,505,94.7
Can-X2 (Canadian Advanced Nanospace experiment),609,629,97.1
Can-X3aÊÊ(BRIght-star Target Explorer (BRITE)),771,783,100.3
Can-X6 (Canadian Advanced Nanospace experiment  NTS [Nanosatellite Tracking Ships]),611,631,97.1
CAPE-2 (Cajun Advanced Picosatellite Experiment),500,506,94.67
CartoSat 1 (IRS P5),618,619,97.1
"CartoSat 2 (IRS P7, CartoSat 2AT)",632,635,97.4
CartoSat 2A,624,643,97.4
CartoSat 2B,622,645,97.4
Cassiope (CAScade SmallSat and Ionospheric Polar Explorer),325,1486,103.11
CFESat (Cibola Flight Experiment Satellite),538,544,95.5
Chandra X-Ray Observatory (CXO),9999,138825,3808.92
ChinaSat 6B (Zhong Xing 6B),35777,35797,1436.1
"Chuangxin 1-1 (Innovation 1-1, Chuang Xin 1, CZ-1-1)",729,748,99.6
Chuangxin 1-2 (Innovation 1-2),785,804,98.5
Chuangxin 1-3 (Innovation 1-3),784,804,100.7
Chuangxin-3,564,611,96.43
Ciel-2,35782,35788,1436.05
"CINEMA-1 (Cubesat for Ion, Neutral, Electron, Magnetic fields)",484,791,97.4
"CINEMA-2 (Cubesat for Ion, Neutral, Electron, Magnetic fields)",594,731,98
"CINEMA-3 (Cubesat for Ion, Neutral, Electron, Magnetic fields)",594,747,98
Cloudsat,702,703,98.8
Compass G-1 (Beidou G1),35768,35803,1436.05
Compass G-10 (Beidou ISGO-5),35708,35864,1436.08
Compass G-11 (Beidou G5),35776,35799,1436.15
Compass G-3 (Beidou G3),35774,35797,1436.05
Compass G-4 (Beidou G4),35764,35809,1436.1
Compass G-5 (Beidou IGSO-1),35670,35893,1435.82
Compass G-6 (Beidou 2-16),35775,35799,1436.11
Compass G-7 (Beidou IGSO-2),35717,35817,1436.12
Compass G-8 (Beidou IGSO-3),35693,37872,1435.93
Compass G-9 (Beidou ISGO-4),35708,35879,1435.1
Compass M1 (Beidou M1),21519,21545,773.39
Compass M3 (Beidou 2-12),21460,21595,773.19
Compass M4 (Beidou 2-13),21452,21603,773.21
Compass M5 (Beidou 2-14),21462,21591,773.1
Compass M6 (Beidou 2-15),21477,21574,773.1
"COMS-1 (Communication, Ocean and Meteorological Satellite; Cheollian)",35783,35791,1436.1
COMSATBw-1 (COmmunications SATellite fr BundesWehr),35773,35799,1436.1
COMSATBw-2 (COmmunications SATellite fr BundesWehr),35780,35794,1436.11
Coriolis (Windsat),820,841,101.5
"COSMIC-A (Formosat-3A, Constellation Observing System for Meteorology, Ionosphere and Climate)",764,836,100.9
"COSMIC-B (Formosat-3B, Constellation Observing System for Meteorology, Ionosphere and Climate)",769,831,100.9
"COSMIC-D (Formosat-3D, Constellation Observing System for Meteorology, Ionosphere and Climate)",669,746,98.9
"COSMIC-E (Formosat-3E, Constellation Observing System for Meteorology, Ionosphere and Climate)",751,849,100.9
"COSMIC-F (Formosat-3F, Constellation Observing System for Meteorology, Ionosphere and Climate)",772,828,100.9
COSMO-Skymed 1 (Constellation of small Satellites for Mediterranean basin Observation),622,623,97.2
COSMO-Skymed 2 (Constellation of small Satellites for Mediterranean basin Observation),622,623,97.2
COSMO-Skymed 3 (Constellation of small Satellites for Mediterranean basin Observation),622,623,97.2
COSMO-Skymed 4 (Constellation of small Satellites for Mediterranean basin Observation),622,623,97.2
Cryosat-2,713,724,99.2
Cubebug 1ÊÊ(Capitn Beto),630,653,97.55
"Cubebug 2 (Manolito, LO-74)",594,715,97.8
"Cubesat XI-IV (Oscar 57, CO-57)",815,830,101.3
"Cubesat XI-V (Oscar 58, CO-58)",678,703,98.6
CUNYSat-1ÊÊ(City University of New York Satellite-1),443,886,98
CUSat-1 (Cornell University Satellite 1),326,1465,102.89
"Cute-1 (Cubical Titech Engineering satellite, Oscar 55, CO-55)",814,829,101.3
Cute-1.7 + APD II (Cubical Titech Engineering satellite+Avalanche Photodiode),609,628,97.1
DANDE (Drag and Atmospheric Neutral Density Explorer),326,1475,103
Deimos 1,661,662,98
Delfi-C3 (DO-64),598,616,96.8
Delfi-n3Xt,594,780,98.5
DirecTV-10,35785,35788,1436.1
DirecTV-11,35786,35786,1436.1
DirecTV-12,35785,35786,1436.04
DirecTV-1R,35778,35795,1436.1
DirecTV-4S,35780,35792,1436.09
DirecTV-5 (Tempo 1),35773,35799,1436.08
DirecTV-7S,35774,35797,1436.1
DirecTV-8,35777,35796,1436.1
DirecTV-9S,35774,35798,1436.1
DLR Tubsat,712,732,99.2
"DMSP 5D-2 F13 (Defense Meteorological Satellites Program, USA 109)",845,855,101.93
"DMSP 5D-2 F14 (Defense Meteorological Satellites Program, USA 131)",842,855,101.9
"DMSP 5D-3 F15 (Defense Meteorological Satellites Program, USA 147)",837,851,101.8
"DMSP 5D-3 F16 (Defense Meteorological Satellites Program, USA 172)",843,852,101.87
"DMSP 5D-3 F17 (Defense Meteorological Satellites Program, USA 191)",842,855,101.89
"DMSP 5D-3 F18 (Defense Meteorological Satellites Program, USA 210)",842,859,101.94
Dove-2,559,582,96.08
Dove-3,594,815,98.8
Dove-4,594,815,98.8
"DRTS (Data Relay Test Satellite, Kodama)",35775,35799,1436.12
"DSCS III-A3 (USA 167, DSCS III-A3) (Defense Satellite Communications System)",35771,35802,1436.12
"DSCS III-B6 (USA 170, DSCS III B-6) (Defense Satellite Communications System)",35760,35814,1436.1
"DSCS III-F10 (USA 135, DSCS III B-13) (Defense Satellite Communications System)",35757,35817,1436.1
"DSCS III-F11 (USA 148, DSCS III B-8) (Defense Satellite Communications System)",35706,35868,1436.13
"DSCS III-F12 (USA 153, DSCS III B-11) (Defense Satellite Communications System)",35774,35799,1436.12
"DSCS III-F6 (USA 82, DSCS III B-12) (Defense Satellite Communications System)",35718,35855,1436.1
"DSCS III-F8 (USA 97, DSCS III B-10) (Defense Satellite Communications System)",35756,35817,1436.11
"DSCS III-F9 (USA 113, DSCS III B-7) (Defense Satellite Communications System)",35784,35784,1436.1
DSP 18 (USA 130) (Defense Support Program),35780,35800,1436.27
DSP 20 (USA 149) (Defense Support Program),35897,35909,142.08
DSP 21 (USA 159) (Defense Support Program),35765,35810,1436.14
DSP 22 (USA 176) (Defense Support Program),35741,35832,1436.12
DubaiSat-1,662,680,98.2
DubaiSat-2,585,603,96.56
Eagle 2 ($50Sat),596,639,97
Echostar 1,35776,35795,1436.07
Echostar 10,35780,35792,1436
Echostar 11,35778,35793,1436.1
Echostar 12 (Rainbow-1),35782,35791,1436.11
Echostar 14,35785,35789,1436.11
Echostar 15,35789,35803,1436.57
Echostar 16,35776,35796,1436.06
Echostar 17,35781,35794,1436.13
Echostar 3,35783,35790,1436.11
Echostar 6,35775,35798,1436.12
Echostar 7,35782,35789,1436.07
Echostar 8,35783,35789,1436.1
"Echostar 9/Galaxy 23 (G-23, Intelsat 1A-13, Telstar 13)",35775,35797,1436.08
"Echostar G1 (ICO G1, DBSD G1)",35773,35799,1436.1
EduSAT,639,694,98.1
Electro-L1 (GOMS 2 [Geostationary Ioperational Meteorological Satellite 2],35323,35750,1423.35
ELISA-E12 (ELectronic Intelligence by SAtellite),675,692,98.43
ELISA-E24 (ELectronic Intelligence by SAtellite),677,692,98.46
ELISA-W11 (ELectronic Intelligence by SAtellite),675,692,98.43
ELISA-W23 (ELectronic Intelligence by SAtellite),677,692,98.45
EO-1 (Earth Observing 1),678,690,98.4
EOS-AM Terra,702,703,98.8
EOS-CHEM Aura,702,703,98.8
"EOS-PM Aqua (Advanced Microwave Scanning Radiometer for EOS, EOS PM-1)",701,704,98.8
EROS A1 (Earth Resources Observation Satellite),530,547,95.4
EROS B1 (Earth Resources Observation Satellite),508,514,94.8
e-st@r,306,1313,101.08
EstCube-1,658,671,98.03
Eurasiasat 1 (Turksat 2A),35761,35810,1436.06
"Europe*Star 1 (Intelsat 12, Europe*Star FM1, IS-12, PAS-12)",35776,35796,1436.09
Eutelsat 10A (Eutelsat W-2A),35781,35822,1436.09
Eutelsat 12 West A (Atlantic Bird 1),35768,35805,1436.1
Eutelsat 16A (Eutelsat W3C),35779,35795,1436.12
"Eutelsat 16B (Eurobird 16, Atlantic Bird 4, Hot Bird 4)",35762,35810,1436.1
"Eutelsat 16C (SESAT-1, Siberia-Europe Satellite)",35754,35817,1436.06
"Eutelsat 172A (GE-23, AMC-23, Worldsat 3, Americom 23)",35772,35799,1436.1
"Eutelsat 48C (Eutelsat 21A, W-6, Eutelsat W-3)",35770,35802,1436.09
Eutelsat 25B (EsÕhail 1),35725,35767,1434.03
"Eutelsat 25C (Eutelsat 70A, Eutelsat W-5)",35780,35790,1436.04
"Eutelsat 28A (Eurobird 1, Eurosat 1)",35788,35794,1436.1
"Eutelsat 33A (Eurobird 3, E-bird)",35781,35790,1436.06
Eutelsat 36A (Eutelsat W-4),35766,35806,1436.08
Eutelsat 36B (Eutelsat W-7),35786,35787,1436.09
"Eutelsat 3A (Sinosat-5C, Sinosat-3, Xinnuo 3, Chinasat-5C, XN-3)",35778,35793,1436.08
"Eutelsat Hot Bird  13D (Eutelsat 3C, Hot Bird 10, Atlantic Bird 4A)",35766,35806,1436.07
Eutelsat 3D,35784,35794,1436.21
"Eutelsat 48A (Eutelsat W-48, Eurobird 9, Hot Bird 2, Eutelsat 2-F8, Eutelsat HB2)",35757,35815,1436.07
"Eutelsat 48B (Eutelsat 21B, Eutelsat W-6A)",35777,35797,1436.12
"Eutelsat 5 West A (Atlantic Bird 3, Stellat 5)",35769,35805,1436.08
Eutelsat 7 West A (Atlantic Bird 7),35774,35799,1436.09
Eutelsat 70B (Eutelsat W5A),35780,35800,1436.28
Eutelsat 7A (Eutelsat W3A),35769,35802,1436.07
Eutelsat 8 West A (Atlantic Bird 2),35766,35806,1436.1
"Eutelsat 9A (Eurobird 9A, Hot Bird 7A)",35775,35799,1436.1
"Eutelsat 8 West C (Eutelsat Hot Bird 13A, Hot Bird 6)",35756,35815,1436.06
Eutelsat Hot Bird 13B (Hot Bird 8),35759,35812,1436.06
Eutelsat Hot Bird 13C (Hot Bird 9),35786,35787,1436.09
Eutelsat KA-SAT 9A (KA-SAT),35714,35856,1436.01
exactView 1,806,821,101.2
Express AM22 (Sesat 2),35781,35790,1436.06
Express-2A (Ekspress A No. 2),35783,35790,1436.11
"Express-A1R (Express 4A, Ekspress-A No. 4)",35774,35798,1436.1
Express-AM2,35785,35788,1436.1
Express-AM3,35777,35795,1436.1
Express-AM33,35782,35791,1436.1
Express-AM44,35987,35995,1446.57
Express-AM5,35420,35940,1430.6
Falconsat-3,538,540,95.4
"FAST 1 (Sara Lilly and Emma, USA 222)",627,654,97.54
Fengniao 1 (Hummingbird 1),488,500,94.49
Fengniao 1A (Hummingbird 1A),488,500,94.49
Fengyun 2D (FY-2D),35777,35791,1436
Fengyun 2E (FY-2E),35767,35803,1436.04
Fengyun 2F (FY-2F),35760,35816,1436.19
Fengyun 3A (FY-3A),820,835,101.5
Fengyun 3B (FY-3B),827,828,101.5
Fengyun 3C (FY-3C),827,828,101.45
Fermi Gamma-Ray Space Telescope (formerly GLAST),537,556,95.6
"FIA Radar 1 (Future Imagery Architecture (FIA) Radar 1, NROL-41, USA 215, Topaz)",1101,1107,107.35
"FIA Radar 2 (Future Imagery Architecture (FIA) Radar 2, NROL-25, USA 234, Topaz)",1068,1107,107
"FIA Radar 3 (Future Imagery Architecture (FIA) Radar 3, NROL-39 , USA 247, Topaz)",1066,1081,106.7
"Firebird-A (Focused Investigations of Relativistic Electron Burst, Intensity, Range, and Dynamics)",443,886,98
"Firebird-B (Focused Investigations of Relativistic Electron Burst, Intensity, Range, and Dynamics)",443,886,98
Firefly,500,506,94.68
FLTSATCOM-8 (USA 46),35745,35829,1436.13
"Formosat-2 (ROCSAT-2, Republic of China Satellite 2)",890,893,102.8
FORT (Fast On-orbit Recording of Transient Events),790,823,101
FUNCube-1 (AO-73),594,683,97.4
Galaxy-11,35785,35795,1436.11
Galaxy-12,35775,35796,1436.07
"Galaxy-13 (Horizons 1, Galaxy 13L)",35781,35790,1436.07
Galaxy-14,35776,35795,1436.07
Galaxy-15,35776,35795,1436.07
Galaxy-16,35775,35798,1436.1
Galaxy-17,35774,35799,1436.1
Galaxy-18,35774,35798,1436.1
Galaxy-19,35776,35796,1436.1
"Galaxy-25 (G-25, Intelsat 1A-5, Telstar 5)",35771,35801,1436.08
"Galaxy-26 (G-26, Intelsat 1A-6, Telstar 6)",35778,35795,1436.11
"Galaxy-27 (G-27, Intelsat IA-7, Telstar 7)",35776,35794,1436.06
"Galaxy-28 (G-28, Intelsat IA-8, Telstar 8)",35775,35798,1436.1
Galaxy-3C,35784,35788,1436.11
Galileo IOV-1 FM2,23242,23307,846.98
Galileo IOV-1 PFM,23240,23306,846.88
Galileo IOV-2 FM3,23214,23233,844.76
Galileo IOV-2 FM4,23217,23227,844.69
Gaofen 1,630,654,97.56
Garpun-1 (Cosmos 2473),35782,35790,1436.1
Garuda-1 (Aces 1),35774,35801,1436.16
GATOSS (Global Air Traffic Awareness and Optimizing through Spaceborne Surveillance),593,819,98.9
Genesis-1,522,569,95.6
Genesis-2,508,586,95.6
GeoEye-1 (Orbview 5),671,686,98.3
Geotail (Geomagnetic Tail Laboratory),3905,104552,2474.83
"Global Change Observation Mission - 1 Water (GCOM-1, Shikuzu)",701,704,98.8
Globalstar M004 (Globalstar 4),1407,1412,114
Globalstar M006 (Globalstar 6),1413,1415,114.1
Globalstar M023 (Globalstar 9),1406,1422,114.1
Globalstar M025 (Globalstar 21),1412,1415,114.1
Globalstar M027 (Globalstar 34),1412,1415,114.1
Globalstar M028 (Globalstar 30),1412,1416,114.1
Globalstar M029 (Globalstar 47),900,1413,114.1
Globalstar M031 (Globalstar 44),1477,1478,114.1
Globalstar M037 (Globalstar 16),1411,1417,114.1
Globalstar M039 (Globalstar 45),1411,1416,114.1
Globalstar M040 (Globalstar 10),1415,1416,114.1
Globalstar M047 (Globalstar 23),1412,1415,114.1
Globalstar M056 (Globalstar 43),1413,1414,114.1
Globalstar M059 (Globalstar 42),1413,1415,114.1
Globalstar M063 (Globalstar 49),1413,1414,114.1
Globalstar M065 (Globalstar 65),1411,1416,114.1
Globalstar M066 (Globalstar 66),1412,1415,114.1
Globalstar M067 (Globalstar 67),1413,1414,114.1
Globalstar M068 (Globalstar 68),1411,1414,114
Globalstar M069 (Globalstar 69),1411,1416,114.1
Globalstar M070 (Globalstar 70),1412,1415,114.1
Globalstar M071 (Globalstar 71),1412,1415,114.1
Globalstar M072 (Globalstar 72),1412,1416,114.1
"Globalstar M073 (Globalstar 73, Globalstar 2-6)",1413,1414,114.1
"Globalstar M074 (Globalstar 74, Globalstar 2-2)",1413,1415,114.1
"Globalstar M075 (Globalstar 75, Globalstar 2-5)",1413,1415,114.1
"Globalstar M076 (Globalstar 76, Globalstar 2-3)",1412,1415,114.1
"Globalstar M077 (Globalstar 77, Globalstar 2-4)",1413,1414,114.1
"Globalstar M078 (Globalstar 95, Globalstar 2-23)",1412,1415,114.08
"Globalstar M079 (Globalstar 79, Globalstar 2-1)",1413,1414,114.1
"Globalstar M080 (Globalstar 80, Globalstar 2-14)",1413,1414,114.1
"Globalstar M081 (Globalstar 81, Globalstar 2-11)",1412,1415,114.1
"Globalstar M082 (Globalstar 82, Globalstar 2-15)",1413,1414,114.1
"Globalstar M083 (Globalstar 83, Globalstar 2-7)",1413,1414,114.1
"Globalstar M084 (Globalstar 84, Globalstar 2-13)",1413,1414,114.1
"Globalstar M085 (Globalstar 85, Globalstar 2-10)",1413,1415,114.1
"Globalstar M086 (Globalstar 86, Globalstar 2-18)",1413,1414,114.1
"Globalstar M088 (Globalstar 88, Globalstar 2-8)",1412,1415,114.1
"Globalstar M089 (Globalstar 89, Globalstar 2-12)",1459,1739,118.2
"Globalstar M090 (Globalstar 90, Globalstar 2-17)",1413,1414,114.1
"Globalstar M091 (Globalstar 91, Globalstar 2-9)",1413,1415,114.1
"Globalstar M092 (Globalstar 92, Globalstar 2-16)",1413,1414,114.1
"Globalstar M093 (Globalstar 87, Globalstar 2-20)",1360,1400,113.35
"Globalstar M094 (Globalstar 93, Globalstar 2-21)",915,927,103.44
"Globalstar M095 (Globalstar 96, Globalstar 2-24)",1409,1418,114.08
"Globalstar M096 (Globalstar 94, Globalstar 2-22)",918,928,103.48
"Globalstar M097 (Globalstar 78, Globalstar 2-19)",1370,1391,113.96
"Glonass 701 (Glonass-K, Cosmos 2471)",19116,19146,675.78
"Glonass 712 (Glonass M, Cosmos 2413)",19134,19141,676.1
Glonass 714 (Cosmos 2419),19118,19125,675.39
"Glonass 715 (Glonass 35-1, Cosmos 2424)",19130,19130,675.75
"Glonass 716 (Glonass 35-2, Cosmos 2425)",19130,19130,675.75
"Glonass 717 (Glonass 35-3, Cosmos 2426)",19130,19130,675.75
"Glonass 719 (Glonass 36-2, Cosmos 2432)",19094,19171,675.83
"Glonass 720 (Glonass 36-3, Cosmos 2433)",19124,19133,675.67
"Glonass 721 (Glonass 37-1, Cosmos 2434)",19142,19378,680.91
"Glonass 722 (Glonass 37-2, Cosmos 2435)",18981,19126,672.7
"Glonass 723 (Glonass 37-3, Cosmos 2436)",19147,19365,680.75
"Glonass 724 (Glonass 38-1, Cosmos 2442)",19092,19141,675.2
"Glonass 725 (Glonass 38-2, Cosmos 2443)",19134,19145,676.1
"Glonass 726 (Glonass 38-3, Cosmos 2444)",19136,19141,676.07
"Glonass 727 (Glonass 39-1, Cosmos 2447)",19112,19142,675.62
"Glonass 729 (Glonass 39-3, Cosmos 2449)",18922,19135,671.71
"Glonass 730 (Glonass 41-1, Cosmos 2456)",19132,19419,681.53
"Glonass 731 (Glonass 42-1, Cosmos 2459)",19119,19146,675.85
"Glonass 732 (Glonass 42-3, Cosmos 2460)",19131,19133,675.81
"Glonass 733 (Glonass 41-2, Cosmos 2457)",18864,19130,670.47
"Glonass 734 (Glonass 41-3, Cosmos 2458)",19098,19129,675.08
"Glonass 735 (Glonass 42-2, Cosmos 2461)",19128,19135,675.81
"Glonass 736 (Glonass 43-1, Cosmos 2464)",18909,19123,671.2
"Glonass 737 (Glonass 43-2, Cosmos 2465)",19116,19380,680.43
"Glonass 738 (Glonass 43-3, Cosmos 2466)",19079,19175,675.61
"Glonass 742 (Glonass-M, Cosmos 2474)",19126,19158,676.2
"Glonass 743 (Glonass 44-2, Cosmos 2476)",19142,19204,677.46
"Glonass 744 (Glonass 44-3, Cosmos 2477)",19150,19199,677.5
"Glonass 745 (Glonass 44-1, Cosmos 2475)",19139,19212,677.54
"Glonass 746 (Glonass-M, Cosmos 2478)",19130,19162,676.38
"Glonass 747 (Glonass-M, Cosmos 2485)",19087,19173,675.73
"GOES 13 (Geostationary Operational Environmental Satellite, GOES-N)",35768,35801,1436
"GOES 14 (Geostationary Operational Environmental Satellite, GOES-O)",35170,35170,1436
"GOES 15 (Geostationary Operational Ennvironmental Satellite, GOES-P)",35786,35788,1436.14
"GOES 3 (Geostationary Operational Environmental Satellite, GOES-C)",35772,35800,1436.08
Gktrk 2,669,690,98.35
Gonets D1-1,1398,1415,113.9
Gonets D1-2,1405,1415,114
Gonets D1-3,1408,1417,114
Gonets M-12,1497,1510,116.1
Gonets M-13,1478,1510,115.9
Gonets M-14,1482,1507,115.86
Gonets M-15,1480,1511,115.9
Gonets M-16,1493,1508,116
Gonets M-17,1494,1509,116.02
"Grace 1 (Gravity Recovery and Climate Experiment, ""Tom and Jerry"")",435,450,93.4
"Grace 2 (Gravity Recovery and Climate Experiment, ""Tom and Jerry"")",434,451,93.4
"Greenhouse Gases Observing Satellite (Ibuki, GoSAT)",668,670,98.1
GSAT-10,35777,35795,1436.07
GSAT-12,35761,35811,1436.1
GSAT-14,35763,35810,1436.1
GSAT-2,35776,35796,1436.07
GSAT-7,35757,35814,1436
GSAT-8,35782,35796,1436.23
"Haiyang 1B (HY 1B, Ocean 1B)",782,803,100.7
Haiyang 2A (HY 2A),965,967,104.4
HAMSat (VUSat Oscar 52),601,636,97.1
Helios 2A,681,683,98
Helios 2B,679,682,98.37
"HellasSat 2 (Intelsat K-TV, NSS K-TV)",35769,35803,1436.08
"HESSI (RHESSI, Reuven Ramaty High Energy Solar Spectroscopic Imager)",535,551,95.5
Hinode (Solar B),670,696,98.4
"Hisaki (Sprint A, Spectroscopic Planet Observatory for Recognition of Interaction of Atmosphere)",952,1155,106.27
Hispasat 1C,35764,35808,1436.08
Hispasat 1D,35764,35809,1436.11
Hispasat 1E,35782,35786,1435.95
HJ-1A (Huan Jing 1A),628,665,97.7
HJ-1B (Huan Jing 1B),621,673,97.7
HJ-1C (Huan Jing 1C),489,503,94.53
Ho'oponopono-2 (H2),499,504,94.65
Horizons 2,35777,35796,1436.1
Horyu-2 (High Voltage Technology Demonstration Satellite-2),650,669,97.9
"Hubble Space Telescope (HST, Space Telescope)",555,559,95.8
HumSat-D,590,640,96.9
HYLAS 1 (Highly Adaptable Satellite),35770,35803,1436.07
HYLAS 2 (Highly Adaptable Satellite),35775,35799,1436.14
ICube,590,639,96.9
IGS-1A (Information Gathering Satellite 1A),485,491,94.36
IGS-3A (Information Gathering Satellite 3A),484,492,94.37
"IGS-5A (Information Gathering Satellite 5A, IGS Optical 3)",484,492,94.37
"IGS-6A (Information Gathering Satellite 6A, IGS Optical 4)",588,591,96.47
"IGS-7A (Information Gathering Satellite 7A, IGS Radar 3)",512,514,94.89
"IGS-8A (Information Gathering Satellite 8A, IGS Radar 4)",509,514,94.85
"IGS-8B (Information Gathering Satellite 8B, IGS Optical Demonstrator)",NaN,NaN,NaN
Ikonos-2,678,680,98.3
"Improved Trumpet 4 (NROL-22, National Reconnaissance Office Launch-22, SBIRS HEO-1, Twins 1, USA 184)",1111,37564,684
"Improved Trumpet 5 (NROL-28, National Reconnaissance Office Launch-28, SBIRS HEO-2, Twins 2, USA 200)",1112,37580,684
"IMS 1 (Indian Mini-Satellite, TWSat)",620,637,97.3
INMARSAT 3 F1,35764,35808,1436.08
INMARSAT 3 F2,35763,35809,1436.1
INMARSAT 3 F4,35609,35642,1427.91
INMARSAT 3 F5,35769,35803,1436.07
INMARSAT 4 F1,35772,35799,1436.08
INMARSAT 4 F2,35773,35800,1436.11
INMARSAT 4 F3,35775,35798,1436.1
INMARSAT 5 F1,35784,35790,1436.13
INSAT 3A (Indian National Satellite),35780,35793,1436.1
INSAT 3C (Indian National Satellite),35764,35809,1436.1
INSAT 3D (Indian National Satellite),35782,35791,1436.09
INSAT 3E (Indian National Satellite),35765,35807,1436.08
INSAT 4A (Indian National Satellite),35777,35796,1436.1
INSAT 4B (Indian National Satellite),35760,35811,1436.08
INSAT 4CR (Indian National Satellite),37782,37791,1436.11
Integral (INTErnational Gamma-Ray Astrophysics Laboratory),2284,152812,4032.86
Intelsat 10 (PAS-10),35776,35796,1436.08
Intelsat 10-02 (Thor 4),35783,35789,1436.08
Intelsat 11 (PAS 11),35778,35795,1436.1
Intelsat 14 (IS-14),35771,35800,1436.05
"Intelsat 15 (IS-15, JCSat 85)",35776,35798,1436.12
Intelsat 16 (IS-16),35783,35791,1436.19
Intelsat 17 (IS-17),35770,35804,1436.12
Intelsat 18 (IS-18),35775,35797,1436.09
Intelsat 19 (IS-19),35768,35801,1436.01
"Intelsat 1R (IS-1R, PAS-1R, PanAmSat 1R)",35785,35788,1436.11
Intelsat 20 (IS-20),35780,35790,1436.03
Intelsat 21 (IS-21),35774,35811,1436.39
Intelsat 22,35781,35792,1436.11
Intelsat 23,35781,35797,1436.21
"Intelsat 25 (IS-25, Protostar 1, Chinasat 8)",35778,35793,1436.1
"Intelsat 26 (JCSat R, JCSAT-4, Japan Communications Satellite 4)",35779,35794,1436.1
"Intelsat 5 (Arabsat 2C, Panamsat-5, PAS-5)",35774,35798,1436.09
"Intelsat 603 (Intelsat 6 F-3, IS-603)",35778,35795,1436.12
"Intelsat 7 (IS-7, PAS-7)",35775,35797,1436.09
Intelsat 701,35775,35797,1436.08
Intelsat 702,35776,35796,1436.1
Intelsat 706,35776,35795,1436.07
"Intelsat 8 (IS-8, PAS-8)",35774,35798,1436.08
Intelsat 805,35775,35797,1436.08
"Intelsat 9 (IS-9, PAS-9)",35782,35792,1436.14
Intelsat 901,35775,35798,1436.12
Intelsat 902,35775,35797,1436.1
Intelsat 903,35773,358802,1436.16
Intelsat 904,35782,35789,1436.07
Intelsat 905,35768,35805,1436.12
Intelsat 906,35775,35796,1436.07
Intelsat 907,35770,35803,1436.1
Intelsat APR-2 (INSAT 2E),35769,35804,1436.11
Intelsat New Dawn,35800,35892,1439.15
International Space Station (ISS [first element Zarya]),401,422,92.8
Interstellar Boundary EXplorer (IBEX),7000,320000,0.22
"IPEX (Intelligent Payload Experiment, CalPoly 8)",469,890,98.3
Iridium 10 (Iridium SV010),776,779,100.4
Iridium 11A (Iridium SVO88),776,779,100.4
Iridium 12 (Iridium SV012),776,779,100.4
Iridium 13 (Iridium SV013),776,780,100.4
Iridium 14A (Iridium SV092),708,711,99
Iridium 15 (Iridium SV015),776,779,100.4
Iridium 18 (Iridium SV018),776,779,100.4
Iridium 19 (Iridium SV019),776,779,100.4
Iridium 20A (Iridium SV089),776,779,100.4
Iridium 21A (Iridium SVO93),775,780,100.4
Iridium 22 (Iridium SV022),776,779,100.4
Iridium 23 (Iridium SV023),776,779,100.4
Iridium 25 (Iridium SV025),776,779,100.4
Iridium 29 (Iridium SV029),776,779,100.4
Iridium 3 (Iridium SV078),776,780,100.4
Iridium 30 (Iridium SV030),776,779,100.4
Iridium 31 (Iridium SVO31),776,779,100.4
Iridium 32 (Iridium  SV032),776,779,100.4
Iridium 34 (Iridium SV034),776,779,100.4
Iridium 35 (Iridium SV035),776,779,100.4
Iridium 37 (Iridium SV037),776,779,100.4
Iridium 39 (Iridium SV039),776,779,100.4
Iridium 40 (Iridium SV040),776,779,100.4
Iridium 41 (Iridium SV041),776,779,100.4
Iridium 42 (Iridium SV042),776,779,100.4
Iridium 43 (Iridium SV043),776,779,100.4
Iridium 45 (Iridium SV045),776,779,100.4
Iridium 47 (Iridium SV047),776,780,100.4
Iridium 49 (Iridium SV049),776,779,100.4
Iridium 5 (Iridium SV005),776,779,100.4
Iridium 50 (Iridium SV050),776,780,100.4
Iridium 51 (Iridium SV 051),776,779,100.4
Iridium 52 (Iridium SV052),776,779,100.4
Iridium 53 (Iridium SV053),776,779,100.4
Iridium 54 (Iridium SV054),776,779,100.4
Iridium 55 (Iridium SV055),776,779,100.4
Iridium 56 (Iridium SV056),776,779,100.4
Iridium 57 (Iridium SV057),776,779,100.4
Iridium 58 (Iridium SV058),776,779,100.4
Iridium 59 (Iridium SV059),776,780,100.4
Iridium 6 (Iridium SV006),776,780,100.4
Iridium 60 (Iridium SV060),776,779,100.4
Iridium 61 (Iridium SV061),776,779,100.4
Iridium 62 (Iridium SV062),776,779,100.4
Iridium 63 (Iridium SV063),776,779,100.4
Iridium 64 (Iridium SV064),776,779,100.4
Iridium 65 (Iridium SV065),776,779,100.4
Iridium 66 (Iridium SV066),776,779,100.4
Iridium 67 (Iridium SV067),776,779,100.4
Iridium 68 (Iridium SV068),776,779,100.4
Iridium 7 (Iridium SV007),776,779,100.4
Iridium 70 (Iridium SV070),776,779,100.4
Iridium 72 (Iridium SV072),776,779,100.4
Iridium 74 (Iridium SV074),747,751,99.8
Iridium 75 (Iridium SV075),776,779,100.4
Iridium 76 (Iridium SV076),776,780,100.4
Iridium 77 (Iridium SV077),776,780,100.4
Iridium 8 (Iridium SV008),776,779,100.4
Iridium 80 (Iridium SV080),776,779,100.4
Iridium 81 (Iridium SV081),776,779,100.4
Iridium 82 (Iridium SV082),776,779,100.4
Iridium 83 (Iridium SV083),776,779,100.4
Iridium 84 (Iridium SV084),776,779,100.4
Iridium 86 (Iridium SV086),776,780,100.4
Iridium 90 (Iridium SV090),744,753,99.8
Iridium 91 (Iridium SV091),777,778,100.4
Iridium 94 (Iridium SV094),773,782,100.4
Iridium 95 (Iridium SV095),776,779,100.4
Iridium 96 (Iridium SV096),745,754,99.8
Iridium 97 (Iridium SV097),777,778,100.4
Iridium 98 (Iridium SV098),748,750,99.8
IRIS (Interface Region Imaging Spectrometer),620,664,97.5
IRNSS-1A (Indian Regional Navigation Satellite System),35712,35872,1436
IRS-P6 (Resourcesat-1),817,823,101.3
ITU-pSAT1 (Istanbul Technical University Picosat-1),710,721,99.1
Jason 2,1332,1344,112.4
"JCSat 10 (Japan Communications Satellite 10, JCSat 3A)",35772,35801,1436.1
"JCSat 110 (N-Sat-110, Superbird-D, Superbird-5, N-Sat-110)",35784,35789,1436.11
JCSat 13 (Japan Communications Satellite 13),35780,35791,1436.03
JCSat 1B (JCSAT 5),35778,35794,1436.09
"JCSat 2A (JCSAT 8, Japan Communications Satellite 8)",35788,35794,1436.1
"JCSat 4A (JCSAT 6, Japan Communications Satellite 6)",33782,37768,1435.52
"JCSat 9 (JCSat 5A, Japanese Communications Satellite 9)",35776,35797,1436.1
"JCSat RA (JCSat 12, Japan Communications Satellite 12)",35780,35794,1436.12
Jugnu,839,866,102
Kalpana-1 (Metsat-1),35783,35789,1436.08
KazSat-2,35786,35788,1436.13
"Keyhole 3 (Advanced KH-11, KH-12-4, Advanced Keyhole, Misty-2, EIS-1, 8X Enhanced Imaging System, USA 144)",800,800,100.87
"Keyhole 4 (Advanced KH-11, Advanced Keyhole, Improved Crystal, EIS-2, 8X Enhanced Imaging System, NROL 14, USA 161)",202,1041,97.13
"Keyhole 5 (Advanced KH-11, KH-12-5, Improved Crystal, EIS-3, USA 186)",264,1050,97
"Keyhole 6 (NRO L49, Advanced KH-11, KH-12-6, Improved Crystal, USA 224)",200,1000,97
"Keyhole 7 (NRO L65, Advanced KH-11, Improved Crystal, USA 245)",257,997,97.25
"Kiku-8 (ETS-8, Engineering Test Satellite 8)",35778,35792,1436.04
Kizuna (WINDS - Wideband InterNetworking engineering Demonstration Satellite),35776,35796,1436.1
"KKS-1 (Kouku Kousen Satellite One, Kiseki)",651,667,97.92
"Kompsat-2 (Arirang 2, Korean planned Multipurpose Satellite-2)",676,698,98.5
"Kompsat-3 (Arirang 3, Korean Multipurpose Satellite-3)",679,696,98.5
"Kompsat-5 (Arirang 5, Korean Multipurpose Satellite-4)",535,552,95.5
Kondor,497,501,94.6
Koreasat 5 (Mugungwha 5),35780,35792,1436.1
Koreasat 6 (Mugungwha 6),35780,35794,1436.12
Kuaizhou-1 (KZ-1),291,317,90.61
KySat-2,498,499,94.58
"Lacrosse/Onyx 3 (Lacrosse-3, USA 133)",671,675,98.2
"Lacrosse/Onyx 4 (Lacrosse-4, USA 152)",574,676,97.21
"Lacrosse/Onyx 5 (Lacrosse-5, NROL 16, USA 182)",713,716,99.08
Landsat 7,702,703,98.8
Landsat 8,700,705,98.8
LAPAN-Tubsat,617,637,97.2
LatinSat A,610,668,97.5
LatinSat B,603,717,97.9
"Leasat 5 (Syncom IV-5, Leased Satellite F5)",35760,35812,1436.1
Lotos-S (Cosmos 2455),900,911,103.1
Luch 5A,35778,35793,1436.8
Luch 5B,35772,35801,1436.09
Maroc Tubsat,984,1014,105.1
MaSat 1  (Magyar Satellite/Oscar 72),305,1297,100.9
M-Cubed/E1P-U2 (Michigan Multipurpose Minisat  Explorer 1 Prime - Unit 2 -  HRBE [William A. Hiscock Radiation Belt Explorer]),457,816,97.45
MCubed-2 (Michigan Multipurpose MinisatelliteÊ2),443,886,98
Measat 2 (Malaysia East Asia Sat 2),35782,35791,1436.12
Measat 3 (Malaysia East Asia Sat 3),35778,35794,1436.1
Measat 3A (Malaysia East Asia Sat 3A),35728,35788,1434.6
Megha-Tropiques,853,868,102.2
"Mercury 1 (Advanced Vortex 1, USA 105)",35598,35976,1436.13
"Mercury 2 (Advanced Vortex 2, USA 118)",33674,37900,1436.12
Meridian-3,961,39388,645.98
Meridian-4,964,39396,717.88
Meridian-6 (Meridian 16L),1006,39362,718.04
Meteor-M (Meteor-M1),818,820,101.3
"Meteosat 10 (MSGalaxy-3,MSG 3)",35784,35791,1436.15
Meteosat 7 (MTP 1),35770,35797,1435.96
"Meteosat 8 (MSGalaxy-1, MSG-1)",35781,35793,1436.1
"Meteosat 9 (MSGalaxy-2, MSG 2)",35775,35795,1436
MetOp-A (Meteorological Operational satellite),820,821,101.3
MetOp-B (Meteorological Operational satellite),819,822,101.3
Mexsat-3 (Mexsat Bicentenario),35784,35791,1436.16
"Milstar DFS-1 (USA 99, Milstar 1-F1) (Military Strategic and Tactical Relay)",35754,35819,1436.13
"Milstar DFS-2 (USA 115, Milstar 1-F2) (Military Strategic and Tactical Relay)",35765,35809,1436.13
"Milstar DFS-4 (USA 157, Milstar 2-F2) (Military Strategic and Tactical Relay)",35764,35768,1435.04
"Milstar DFS-5 (USA 164, Milstar 2-F3) (Military Strategic and Tactical Relay)",35753,35820,1436.12
Milstar DFS-6 (USA 169) (Military Strategic and Tactical Relay),35768,35806,1436.13
"MiRÊÊ(Mikhail Reshetnev [MiR], Yubileiny-2/RS-40)",1481,1510,115.9
MKA-FKI-1 (Zond PP),805,821,101.2
MOST (Microvariability & Oscillations of STars),817,832,101.4
Mozhayets 4 (RS-22),669,690,98.3
MSAT 1,35763,35809,1436.09
"MSAT 2 (AMSC-1, ACTel-1)",35776,35796,1436.09
MTI (Multispectral Thermal Imager),500,525,94.9
MTSAT-1R (Himawari 6),35778,35796,1436.1
MTSAT-2 (Multi-Functional Transport Satellite),35776,35797,1436.1
MUOS-1 (Mobile User Objective System 1),35800,35800,1436.1
MUOS-2 (Mobile User Objective System 2),35800,35900,1436.1
Nanosat-1,654,659,97.9
Nanosat-1B,583,672,97.3
NATO 4-B (USA 98),35775,35795,1436.04
"Navstar GPS II-10 (Navstar SVN 23, PRN 32,  USA 66)",19781,20582,717.94
"Navstar GPS II-14 (Navstar SVN 26, PRN 26, USA 83)",19959,20403,717.93
"Navstar GPS II-21 (Navstar SVN 39, PRN 09, USA 92)",20120,20244,717.97
"Navstar GPS II-23 (Navstar SVN 34, PRN 04, USA 96)",20104,20260,717.97
"Navstar GPS II-24 (Navstar SVN 36, PRN 06, USA 100)",19986,20315,716.69
"Navstar GPS II-25 (Navstar SVN 33, PRN 03, USA 117)",20080,20284,717.97
"Navstar GPS II-26 (Navstar SVN 40, PRN 10, USA 126)",20134,20227,717.91
"Navstar GPS II-28 (Navstar SVN 38, PRN 08, USA 135)",19912,20449,717.91
"Navstar GPS II-35 (Navstar SVN 35, PRN 30, USA 94)",20109,20257,718.01
"Navstar GPS IIF-1 (Navstar SVN 62, PRN 25, USA 213)",20188,20224,718.94
"Navstar GPS IIF-2 (Navstar SVN 63, PRN 01, USA 232)",20451,20464,729.18
"Navstar GPS IIF-3 (Navstar SVN 65, USA 239)",20174,20191,718
"Navstar GPS IIF-4 (Navstar SVN 66, USA 242)",20184,20247,719.32
"Navstar GPS IIR-10 (Navstar SVN 47, PRN 22, USA 175)",19963,20327,716.47
"Navstar GPS IIR-11 (Navstar SVN 59, PRN 19, USA 177)",20089,20276,717.98
"Navstar GPS IIR-12 (Navstar SVN 60, PRN 23, USA 178)",20072,20292,717.96
"Navstar GPS IIR-13 (Navstar SVN 61, PRN 02, USA 180)",19938,20426,718
"Navstar GPS IIR-2 (Navstar SVN 43, PRN 13, USA 132)",20123,20247,718.09
"Navstar GPS IIR-3 (Navstar SVN 46, PRN 11, USA 145)",20096,20268,717.97
"Navstar GPS IIR-4 (Navstar SVN 51, PRN 20, USA 150)",20133,20234,718.03
"Navstar GPS IIR-5 (Navstar SVN 44, PRN 28, USA 151)",20184,20427,722.98
"Navstar GPS IIR-6 (Navstar SVN 41, PRN 14, USA 154)",20177,20498,724.28
"Navstar GPS IIR-7 (Navstar SVN 54, PRN 18, USA 156)",20104,20266,718.09
"Navstar GPS IIR-8 (Navstar SVN 56, PRN 16, USA 166)",20155,20344,720.71
"Navstar GPS IIR-9 (Navstar SVN 45, PRN 21, USA 168)",20063,20433,720.65
"Navstar GPS IIR-M-1 (Navstar SVN 53, PRN 17, USA 183)",20142,20221,717.95
"Navstar GPS IIR-M-2 (Navstar SVN 52, PRN 31, USA 190)",20020,20342,717.93
"Navstar GPS IIR-M-3 (Navstar SVN 58, PRN 12, USA 192)",20206,20366,722.19
"Navstar GPS IIR-M-4 (Navstar SVN 55, PRN 15, USA 196)",20149,20213,717.93
"Navstar GPS IIR-M-5 (Navstar SVN 57, PRN 29, USA 199)",20150,20311,719.92
"Navstar GPS IIR-M-6 (Navstar SVN 48, PRN 07, USA 201)",20135,20152,716.4
"Navstar GPS IIR-M-8 (Navstar SVN 50, PRN 05, USA 206)",20160,20209,718.07
NEOSSatÊ(Near Earth Object Surveillance Satellite),772,786,100.4
NFIRE (Near Field InfraRed Experiment),398,405,97.6
NigComSat-1R,35793,35795,1436.1
NigeriaSat-2,691,705,98.7
Nigeriasat-X,661,696,98.3
Nilesat 102,35764,35808,1436.08
Nilesat 201,35795,35813,1436.23
Nimiq 2,35779,35793,1436.08
Nimiq 4,35779,35794,1436.1
Nimiq 5,35700,35700,1436.1
Nimiq 6,35764,35809,1436.09
NOAA-15 (NOAA-K),800,816,101
NOAA-16 (NOAA-L),842,857,101.9
"NOAA-18 (NOAA-N, COSPAS-SARSAT)",843,864,102
"NOAA-19 (NOAA-N Prime, COSPAS-SARSAT)",845,864,102
NPP (National Polar-orbiting Operational Environmental Satellite System [NPOESS]),827,827,101.4
NPS-SCATÊ(Naval Post-graduate School - Solar Cell Array Tester),499,502,94.63
"NSS-10 (AMC-12, Americom 12, Worldsat 2)",35778,35795,1436.1
"NSS-11 (Worldsat-1, AAP-1, GE-1A)",35776,35798,1436.15
NSS-12,35779,35793,1436.08
NSS-5 (Intelsat 803),35776,35796,1436.08
NSS-6,35776,35797,1436.12
NSS-7,35775,35798,1436.12
"NSS-703 (Intelsat 703, Intelsat 7 F-3)",35773,35798,1436.08
NSS-806 (Intelsat 806),35779,35794,1436.11
NSS-9,35784,35792,1436.17
N-Star C,35772,35799,1436.08
NuSTAR (Nuclear Spectroscopic Telescope Array),613,632,97.2
"O/OREOS (Organism/Organic Exposure to Orbital Stresses, USA 219)",624,654,97.48
O3b FM02,8063,8069,287.93
O3b FM04,8062,8069,287.93
O3b FM05 (Other 3 Billion),8064,8068,287.94
O3b PFM,8063,8069,287.93
Oceansat-2,722,724,99.2
Odin,569,573,96.1
Ofeq 5,367,764,95.97
Ofeq 7,340,576,93.75
Ofeq 9,343,589,93.91
OPTOS,594,797,98.7
Optus and Defence C1,35773,35799,1436.08
Optus B3,35778,35796,1436.12
Optus D1,35774,35797,1436.08
Optus D2,35774,35799,1436.1
Optus D3,35775,35795,1436.04
ORBCOMM FM-10 (ORBCOMM A2),770,776,100.3
ORBCOMM FM-11 (ORBCOMM A3),769,777,100.3
ORBCOMM FM-12 (ORBCOMM A4),770,776,100.3
ORBCOMM FM-13 (ORBCOMM B1),788,795,100.7
ORBCOMM FM-14 (ORBCOMM B2),789,794,100.7
ORBCOMM FM-15 (ORBCOMM B3),788,795,100.7
ORBCOMM FM-16 (ORBCOMM B4),789,794,100.7
ORBCOMM FM-18 (ORBCOMM B6),787,796,100.7
ORBCOMM FM-19 (ORBCOMM B7),788,795,100.7
ORBCOMM FM-20 (ORBCOMM B8),791,792,100.7
ORBCOMM FM-22 (ORBCOMM C2),789,793,100.7
ORBCOMM FM-23 (ORBCOMM C3),788,794,100.7
ORBCOMM FM-25 (ORBCOMM C5),788,794,100.7
ORBCOMM FM-27 (ORBCOMM C7),790,792,100.7
ORBCOMM FM-30 (ORBCOMM D2),788,796,100.7
ORBCOMM FM-31 (ORBCOMM D3),788,795,100.7
ORBCOMM FM-32 (ORBCOMM D4),786,796,100.7
ORBCOMM FM-34 (ORBCOMM D6),787,796,100.7
ORBCOMM FM-35 (ORBCOMM D7),788,795,100.7
ORBCOMM FM-36 (ORBCOMM D8),788,795,100.7
ORBCOMM FM-4 (ORBCOM G2),768,838,100.9
ORBCOMM FM-5 (ORBCOMM A6),772,774,100.3
ORBCOMM FM-6 (ORBCOMM A7),772,774,100.3
ORBCOMM FM-7 (ORBCOMM A8),771,774,100.3
ORBCOMM FM-8 (ORBCOMM A1),768,778,100.3
ORBCOMM FM-9 (ORBCOMM A5),769,777,100.3
ORS - Tech 1,499,504,94.6
ORS - Tech 2,499,504,94.6
"ORS-1 (Operationally Responsive Space One, USA 231)",396,410,92.62
ORSES (ORS Enabler Satellite),499,504,94.6
¯rsted,635,839,99.5
Paksat-1R,35786,35800,1436.1
Palapa C2,35784,35789,1436.13
Palapa D1,35780,35792,1436.09
"PAN-1 (Palladium at Night, P360, USA 207)",35786,35787,1436.12
PARASOL (Polarization and Anistropy of Reflectances for Atmospheric Science coupled with Observations from LIDAR),692,694,98.6
Parus 93 (Cosmos 2389),949,1016,104.74
Parus 94 (Cosmos 2398),969,1016,105
Parus-90 (Cosmos 2361),967,1013,104.9
Parus-91 (Cosmos 2366),960,1008,104.8
Parus-92 (Cosmos 2378),961,1011,104.8
Parus-95 (Cosmos 2407),949,1008,104.7
Parus-96 (Cosmos 2414),907,968,103.8
Parus-97 (Cosmos 2429),954,1011,104.8
Parus-98 (Cosmos 2454),916,945,103.6
Parus-99 (Cosmos 2463),968,1022,105
"PCSat (Prototype Communications SATellite, Navy-Oscar 44, NO-44)",789,796,100.7
Persona-2 (Cosmos 2486),714,733,99.2
Phonesat 2.4,499,507,94.68
Picard,725,729,99.3
PicoDragon,410,414,92.81
Pliades HR1A,697,699,98.7
Pliades HR1B,678,691,98.45
"Prism (Pico-satellite for Remote-sensing and Innovative Space Missions, Hitomi)",600,627,97
Proba 1 (Project for On-Board Autonomy),553,676,96.98
Proba 2 (Project for On-Board Autonomy),708,728,99.2
Proba V (Project for On-Board Autonomy),813,820,101.21
Prometheus 1A,500,506,94.68
Prometheus 1B,498,502,94.68
Prometheus 2A,498,502,94.68
Prometheus 2B,498,502,94.68
Prometheus 3A,498,502,94.68
Prometheus 3B,498,502,94.68
Prometheus 4A,498,502,94.68
Prometheus 4B,498,502,94.68
PUCPSat-1,589,640,96.9
QuetzSat-1,35774,35798,1436.09
Quickbird 2,448,450,93.6
"QZS-1 (Quazi-Zenith Satellite System, Michibiki)",32618,38950,1436
Radarsat-2,791,793,100.7
"Radio-ROSTO (RS-15, Radio Sputnik 15, Russian Defence, Sports and Technical Organization - ROSTO)",1885,2165,127.45
"Raduga 1-8 (Raduga 1-M1, Cosmos 2450)",35612,35949,1435.79
Raduga 1-M2 (Raduga 1-9),35784,35788,1436.06
Raduga 1-M3,35777,35797,1436.13
"Rapid Pathfinder Program (NROL-66, USA 225)",1199,1202,109.42
RapidEye-1 (RapidEye-C),613,646,97.3
RapidEye-2 (RapidEye A),621,638,97.3
RapidEye-3 (RapidEye D),621,637,97.3
RapidEye-4 (RapidEye E),621,638,97.3
RapidEye-5 (RapidEye B),617,642,97.3
RASAT,667,697,98.4
Rascom-QAF 1R,35786,35787,1436.1
RazakSat (MACSat),663,688,98.3
Reimei (Innovative Technology Demonstration Experiment Satellite - INDEX),595,638,97
Resourcesat 2,817,823,101.3
Resurs-DK1 (Resurs - High Resolution 1),564,571,96
Resurs-P1,459,472,93.9
RISat-1 (Radar Imaging Satellite 1),538,541,95.4
RISat-2 (Radar Imaging Satellite 2),415,427,41.2
"Rodnik (Cosmos 2416, Strela 3M)",1436,1448,114.7
"Rodnik (Cosmos 2437, Strela 3M)",1480,1511,115.9
"Rodnik (Cosmos 2438, Strela 3M)",1477,1509,115.8
"Rodnik (Cosmos 2439, Strela 3M)",1478,1510,115.8
"Rodnik (Cosmos 2451, Strela 3M)",1498,1509,116
"Rodnik (Cosmos 2452, Strela 3M)",1482,1507,115.9
"Rodnik (Cosmos 2453, Strela 3M)",1495,1506,116
"Rodnik (Cosmos 2467, Strela 3M)",1493,1496,115.9
"Rodnik (Cosmos 2468, Strela 3M)",1484,1505,115.9
"Rodnik (Cosmos 2481, Strela 3M)",1481,1512,115.9
"Rodnik (Cosmos 2482, Strela 3M)",1473,1516,115.86
"Rodnik (Cosmos 2483, Strela 3M)",1473,1516,115.86
"Rodnik (Cosmos 2484, Strela 3M)",1475,1514,115.86
"Rodnik (Cosmos 2488, Strela 3M)",1478,1509,115.9
"Rodnik (Cosmos 2489, Strela 3M)",1477,1507,115.8
"Rodnik (Cosmos 2490, Strela 3M)",1482,1511,115.8
"Rumba (part of Cluster quartet, Cluster 2 FM5)",17240,120715,3431.1
SAC-C (Satellite for Scientific Applications),702,704,98.8
SAC-D (Satellite for Scientific Applications),653,655,97.8
"Salsa (part of Cluster quartet, Cluster 2 FM6)",16809,120768,3418.2
"Samba (part of Cluster quartet, Cluster 2 FM7)",17007,120923,3430.28
Sapphire (Space Surveillance Mission of Canada),772,787,100.4
SARAL (Satellite with ARGOS and ALTIKA),782,785,100.53
SAR-Lupe 1,468,505,94.3
SAR-Lupe 2,470,503,94.34
SAR-Lupe 3,473,496,94.3
SAR-Lupe 4,448,486,94.4
SAR-Lupe 5,474,502,94.37
Satmex 4 (Solidaridad 2),35777,35794,1436.08
Satmex 5,35779,35792,1436.08
Satmex 6,35776,35796,1436.1
Satmex 8,35779,35795,1436.1
Saudicomsat-1,697,747,99.2
Saudicomsat-2,696,780,99.6
Saudicomsat-3,652,714,98.4
Saudicomsat-4,649,746,98.7
Saudicomsat-5,651,725,98.5
Saudicomsat-6,648,758,98.8
Saudicomsat-7,650,736,98.6
"Saudisat 1C (Oscar 50, SO 50)",603,702,97.8
Saudisat-2,696,734,99.1
Saudisat-3,656,677,98.1
"SBIRS GEO 1 (Space Based Infrared System Geosynchronous 1, USA 230)",35778,35795,1436.11
"SBIRS GEO 2 (Space Based Infrared System Geosynchronous 2, USA 241)",35770,35790,1436.11
"SBSS-1 (Space Based Space Surveillance Satellite, SBSS Block 10 SV1, USA 216)",538,541,95.43
"SB-WASS 3-1 (Space Based Wide Area Surveillance System) (NOSS 3-1, NOSS C1-1, USA 160)",1100,1100,107.26
"SB-WASS 3-1 (Space Based Wide Area Surveillance System) (NOSS 3-1,USA 160, NOSS C1-2)",1100,1100,107.26
"SB-WASS 3-2 (Space Based Wide Area Surveillance System) (NOSS 3-2, USA 173, NOSS C2-1)",1013,1200,107.4
"SB-WASS 3-2 (Space Based Wide Area Surveillance System) (NOSS 3-2, USA 173, NOSS C2-2)",1011,1202,107.4
"SB-WASS 3-3 (Space Based Wide Area Surveillance System) (NOSS 3-3, USA 181, NRO L23)",1016,1203,107.4
"SB-WASS 3-3 (Space Based Wide Area Surveillance System) (NOSS 3-3, USA 181, NRO L28)",1017,1203,107.4
"SB-WASS 3-4 (Space Based Wide Area Surveillance System) NOSS 3-4, USA 194, NRO L30)",1015,1200,107.4
"SB-WASS 3-4 (Space Based Wide Area Surveillance System) NOSS 3-4, USA 194, NRO L30)",1016,1201,107.4
"SB-WASS 3-5 (Space Based Wide Area Surveillance System) NOSS 3-5, USA 229, NRO L34)",1014,1201,107.4
"SB-WASS 3-5 (Space Based Wide Area Surveillance System) NOSS 3-5, USA 229, NRO L34)",1019,1205,107.5
"SB-WASS 3-6 (Space Based Wide Area Surveillance System) NOSS 3-6, USA 238, NRO L36)",1012,1203,107.4
"SB-WASS 3-6 (Space Based Wide Area Surveillance System) NOSS 3-6, USA 238, NRO L36)",1012,1203,107.4
SCD-1 (Satlite de Coleta de Dados),716,776,99.7
SCD-2 (Satlite de Coleta de Dados),735,760,99.8
Scisat-1 (Atmospheric Chemistry Experiment),638,649,97.6
SDO (Solar Dynamics Observatory),35779,35791,1436.03
"SDS III-2 (Satellite Data System) (NRO L-10, Great Bear, USA 155)",35758,35815,1436.13
"SDS III-3 (Satellite Data System) (NRO L-12, Aquila-1, USA 162)",35761,35812,1436.1
"SDS III-4 (Satellite Data System) (NRO L-1, Nemesis, USA 179)",500,39850,717.7
"SDS III-5 (Satellite Data System) (NRO L-24, Scorpius, USA 198)",400,39966,718
"SDS III-6 (Satellite Data System) NRO L-27, Gryphon, USA 227)",35770,35803,14.36
"SDS III-7 (Satellite Data System) NRO L-38, Drake, USA 236)",35771,35805,23.94
SDS-4 (Small Demonstration Satellite-4),661,673,98.1
SEEDS 2,607,627,97
SES-1 (AMC-4R),35781,35793,1436.1
SES-2,35778,35798,1436.19
SES-3,35850,35852,1439.41
SES-4,35781,35792,1436.1
"SES-5 (Sirius 5, Astra 4B)",35783,35791,1436.12
SES-6,35757,35816,1436.09
"SES-7 (Protostar 2, Indostar 2)",35783,35790,1436.1
SES-8,35777,35795,1436.07
Shijian 11-01 (SJ-11-01),686,703,98.7
Shijian 11-02 (SJ-11-02),686,704,98.7
Shijian 11-03 (SJ-11-03),688,703,98.7
Shijian 11-05 (SJ-11-05),689,704,98.7
Shijian 12 (SJ-12),583,601,96.5
Shijian 15 (SJ-15),661,673,98.08
Shijian 16 (SJ-16),599,616,96.85
"Shijian 6A (SJ-6A, Dong Fang Hong 60)",579,606,96.5
Shijian 6B (SJ-6B),587,598,96.5
Shijian 6C (SJ-6-02A),591,594,96.5
Shijian 6D (SJ-6-02B),594,595,96.6
"Shijian 6E (SJ6-03A, SJ-6E)",581,607,96.6
"Shijian 6F (SJ6-03B, SJ-6F)",578,603,96.5
Shijian 6G (SJ6-04A),584,603,96.6
Shijian 6H (SJ6_04B),586,602,96.6
"Shijian 7 (SJ7, Dong Fang Hong 65)",534,591,95.9
Shijian 9A (SJ 9A),623,650,97.44
Shijian 9B (SJ 9B),624,651,97.46
"Shiyan 1 (SY 1, Tansuo 1, Experimental Satellite 1)",586,601,96.6
"Shiyan 3 (SY3, Experimental Satellite 3)",785,803,100.8
"Shiyan 4 (SY4, Experimental Satellite 4)",784,802,100.7
"Shiyan 5 (SY5, Experimental Satellite 5)",739,755,99.7
"Shiyan 7 (SY7, Experimental Satellite 7)",668,672,98.15
Sich 2,684,701,98.6
Sicral 1A,35769,35802,1436.06
Sicral 1B,35788,35802,1436.52
"Sina-1 (Sinah 1, ZS1)",681,703,98.6
"Sinosat-6 (Chinasat-6A, XN-6)",35794,35796,1436.1
Sirius 1 (SD Radio 1),23783,47100,1418.5
Sirius 2 (SD Radio 2),12849,47048,1148.43
Sirius 3 (SD Radio 3),6179,47086,994.83
Sirius 4 (Astra 4A),35776,35795,1436.1
Sirius FM-5,35774,35798,1436
Sirius FM-6,35785,35791,1436.16
Sirius XM-5,35779,35795,1436.12
Skynet 4C,35775,35797,1436.07
Skynet 4E,35774,35797,1436.06
Skynet 4F,35773,35801,1436.15
Skynet 5A,35771,35802,1436.1
Skynet 5B,35700,35803,1436.1
Skynet 5C,35770,35803,1436.1
Skynet 5D,35786,35793,1436.24
SkySat-1,567,599,96.34
SkyTerra 1,35782,35791,1436.09
SLDCOM-3 (Satellite Launch Dispenser Communications System) (USA 119),1200,11600,240
SMDC-ONE 1.1 (Techsat),495,791,97.5
SMDC-ONE 1.2 (ORSES [Operationally Responsive Space Enabler Satellite]),483,789,97.4
SMDC-ONE 2.3,443,886,98
SMDC-ONE 2.4,443,886,98
SMOS (Soil Moisture and Ocean Salinity satellite),759,760,100
SNaP-3-1ÊÊ(Space and Missile Defense Command NanoSat Program),443,886,98
"SOHLA 1 (Space Oriented Higashiosaka Leading Association, Maido 1)",657,665,98
SORCE (SOlar Radiation and Climate Experiment),600,633,97
Spaceway 3,35785,35787,1436.1
Spaceway F1,35785,35787,1436.1
Spaceway F2,35785,35787,1436.1
Spainsat,35745,35826,1436.1
Spektr-R/RadioAstron,1000,330000,0.22
SPIRALE-A (Systme Prparatoire Infra-Rouge pour l'Alerte),608,35717,637.65
SPIRALE-B (Systme Prparatoire Infra-Rouge pour l'Alerte),627,35697,637.64
Spot 5 (Systme Probatoire dÕObservation de la Terre),824,826,101.4
Spot 6 (Systme Probatoire dÕObservation de la Terre),696,699,98.73
SRMSat (Sri Ramaswamy Memorial Satellite),850,868,102.1
SSOT (Sistema Satelital para la Observacin de la Tierra),622,624,97.2
ST-2 (Singapore-Taiwan 2),35783,35791,1436.12
Star One C1,35703,35778,1436
Star One C2,35776,35796,1436.1
Star One C3,35791,35848,1437.78
STARE-B (Horus [Space-Based Telescopes for Actionable Refinement of Ephemeris]),500,506,94.6
STPSat-2 (USA 217),650,650,97.73
STPSat-3 (Space Test Program Satellite-3),497,507,94.66
"STRaND-1 (Surrey Training, Research and Nanosatellite Demonstrator 1)",772,783,100.4
Strela 3 (Cosmos 2384),1417,1431,114.3
Strela 3 (Cosmos 2385),1417,1425,114.2
Strela 3 (Cosmos 2386),1415,1419,114.2
Strela 3 (Cosmos 2390),1468,1506,115.7
Strela 3 (Cosmos 2391),1466,1506,115.7
Strela 3 (Cosmos 2400),1467,1503,115.7
Strela 3 (Cosmos 2401),1465,1502,115.6
Strela 3 (Cosmos 2408),1471,1495,115.5
Strela 3 (Cosmos 2409),1474,1495,115.6
STSat-2C,298,1482,102.77
STSat-3,593,626,96.88
"STSS ATRR (Space Tracking and Surveillance System Advanced Technology Risk Reduction Satellite, USA 205)",867,879,102.41
STSS Demo-1 (Space Tracking and Surveillance System Demonstrator),1347,1352,112.68
STSS Demo-2 (Space Tracking and Surveillance System Demonstrator),1339,1351,112.58
STUDSat (Student Satellite),614,634,97.2
Superbird 7 (Superbird C2),35778,35794,1436.1
Superbird-B2 (Superbird 4),35779,35793,1436.09
Superbird-C,35781,35792,1436.12
Suzaku (Astro E2),548,558,95.7
SWARM-A,473,476,93.9
SWARM-B,473,476,93.9
SWARM-C,486,496,94
Swift,571,590,96.3
SwissCube,710,720,99.1
Syracuse 3A (Systeme de Radio Communications Utilisant un Satellite),35778,35792,1436.06
Syracuse 3B (Systeme de Radio Communications Utilisant un Satellite),35772,35801,1436.09
TacSat 4,658,11836,235.16
TacSat 6,443,886,98
TanDEM-X (TerraSAR-X add-on for Digital Elevation Measurement),507,510,94.8
"Tango (part of Cluster quartet, Cluster 2 FM8)",17313,120961,3442
"TDRS-10 (Tracking and Data Relay Satellite, TDRS-J)",35768,35802,1436.04
"TDRS-11 (Tracking and Data Relay Satellite, TDRS K)",35732,35844,1436.18
"TDRS-12 (Tracking and Data Relay Satellite, TDRS L)",35780,35785,1435.88
"TDRS-3 (Tracking and Data Relay Satellite, TDRS-C)",35693,35878,1436.06
"TDRS-5 (Tracking and Data Relay Satellite, TDRS-E)",35773,35796,1436.99
"TDRS-6 (Tracking and Data Relay Satellite, TDRS-F)",35773,35787,1435.7
"TDRS-7 (Tracking and Data Relay Satellite, TDRS-G)",35767,35803,1436.04
"TDRS-8 (Tracking and Data Relay Satellite, TDRS-H)",35768,35808,1436.2
"TDRS-9 (Tracking and Data Relay Satellite, TDRS-I)",35768,35809,1436.11
TecSAR (Polaris),405,580,94.5
Telkom 1,35778,35796,1436.13
Telkom 2,35781,35793,1436.1
Telstar 11N,35774,35801,1436.13
Telstar 12 (Orion 2),35773,35799,1436.09
Telstar 14R (Estrela do Sul 2),35783,35791,1436.1
Telstar 18 (Apstar 5),35778,35795,1436.1
TerraSAR-XÊ1 (Terra Synthetic Aperture Radar X-Band),507,509,94.8
TerraStar 1,35783,35791,1436.11
TES (Technology Experiment Satellite),529,598,95.9
"TET-1 (Technologieerprobungstrger 1, Technology Experiment Carrier)",501,505,94.7
"Thaicom-4 (Ipstar 1, Measat 5)",35775,35798,1436.1
Thaicom-5,35777,35796,1436.1
Thaicom-6,35786,35796,1436.3
THEMIS A (Time History of Events and Macroscale Interactions during Substorms),461,87304,1868.98
THEMIS D (Time History of Events and Macroscale Interactions during Substorms),467,87260,1867.91
THEMIS E (Time History of Events and Macroscale Interactions during Substorms),474,87526,1875.53
THEOS (Thailand Earth Observation System),824,826,101.4
Thor-3,35777,35795,1436.07
Thor-5 (Thor 2R),35773,35798,1436.1
Thor-6,35779,35794,1436.1
Thuraya 2,35764,35807,1436.07
Thuraya 3,35766,35807,1436.1
Tian Xun-1 (TX-1),464,475,94
Tiangong-1 (TG-1),360,361,91.8
Tianhui 1-01,488,504,94.5
Tianhui 1-02,485,505,94.5
"TianLian 1 (TL-1-01, CTDRS)",35769,35813,1436.08
"TianLian 2 (TL-1-02, CTDRS)",37778,37794,1436.1
"TianLian 3 (TL-1-03, CTDRS)",35768,35802,1436
Tiantuo 1,456,459,93.7
TIMED (Thermosphere ¥ Ionosphere ¥ Mesosphere ¥ Energetics and Dynamics),612,613,97
TISat-1 (Ticano Satellite),611,631,97.1
TKSat-1 (Tpac Katari Satellite 1),35773,35799,1436.07
Topsat,681,704,98.6
Triton-1,594,764,98.1
TRMM (Tropical Rainfall Measuring Mission),400,400,92.6
"Trumpet 3 (NROL-4, National Reconnaissance Office Launch-4, USA 136)",1210,38740,709.61
Tselina-2 (Cosmos 2428),844,858,102
"TUGSat-1ÊÊ(Technische Universitt Graz Satellit, CanX-3b, BRITE-Austria)",770,784,100.3
Turksat 3A,35778,35793,1436.06
"UFO-10 (USA 146, UHF F/O F10) ""UHF Follow-On""",35738,35834,1436.1
"UFO-11  (USA 174) ""UHF Follow-On""",35786,35787,1436.1
"UFO-2 (USA 95) ""UHF Follow-On""",35766,35807,1436.12
"UFO-4 (USA 108, UFO F4 EHF) ""UHF Follow-On""",35763,35775,1435.22
"UFO-6 (USA 114, UFO F6 EHF) ""UHF Follow-On""",35744,35829,1436.12
"UFO-7 (USA 127, F7 EHF) ""UHF Follow-On""",35738,35835,1436.11
"UFO-8 (USA 138, UHF F/O F8) ""UHF Follow-On""",35772,35794,1435.94
"UK-DMC-2 (BNSCSat-2, British National Science Center Satellite 2)",660,662,98
Unisat-3 (University Satellite 3),696,795,99.7
Unisat-5 (University Satellite 5),504,640,97
US-KMO Oko 8 (Cosmos 2479),35696,35904,1436.39
US-KS Oko 87 (Cosmos-2422),542,39807,717.66
US-KS Oko 89 (Cosmos 2446),667,39697,717.9
US-KS Oko 90 (Cosmos 2469),563,39128,704.3
UWE-3 (University of Wrzburg Experimental Satellite 3),593,700,97.6
"Van Allen Probe A (RBSP-A, Radiation Belt Storm Probes)",591,30534,539.06
"Van Allen Probe B (RBSP-B, Radiation Belt Storm Probes)",595,30657,541.4
Velox P2,594,699,97.6
VeneSat 1 (Simon Bolivar),35777,35796,1436.1
Vermont Lunar Cubesat,494,504,94.6
Vesselsat-1,847,867,102.1
Vesselsat-2,479,490,94.3
ViaSat-1,35775,35796,1436.09
Vinasat 1,35782,35791,1436.1
Vinasat 2,35742,35776,1434.69
VNREDSat 1AÊÊ(Vietnam Natural Resources Environment and Disaster monitoring small Satellite),682,685,98.43
"VRSS-1 (Venezuelan Remote Sensing Satellite, Francisco Miranda)",622,654,97.48
"Wideband Global Satcom 1 (WGS-1, USA 195)",35783,35790,1436.1
"Wideband Global Satcom 2 (WGS-2, USA 204)",35786,35787,1436.12
"Wideband Global Satcom 3 (WGS-3, USA 211)",35785,35786,1436.1
"Wideband Global Satcom 4 (WGS-4, USA 233)",35785,35786,1436.1
"Wideband Global Satcom 5 (WGS-5, USA 243)",35785,35786,1436.1
"Wideband Global Satcom 6 (WGS-6, USA 244)",35785,35786,1436.1
WildBlue 1,35776,35796,1436.1
Wind (International Solar-Terrestrial Program),186,470310,19700.45
WNISat-1 Weather News Inc. Satellite 1),594,849,99.2
Worldview 1,491,494,94.5
Worldview 2,765,767,100.2
Wren,593,640,97.3
X37-B OTV-1 (USA 240),342,358,91.54
XaTcobeo,306,1261,100.5
Xinyan 1 (XY-1),489,501,94.51
XM Radio 3 (Rhythm),35782,35790,1436.1
XM Radio 4 (Blues),35784,35787,1436.09
XM Rock (XM 2),35784,35789,1436.13
XM Roll (XM 1),35785,35788,1436.11
XMM Newton (High Throughput X-ray Spectroscopy Mission),7079,114027,2872.15
X-Sat,801,823,101.1
XTAR-EUR,35778,35792,1436.06
"XW-1 (Hope Oscar 68, HO-68, Xi Wang 1, Hope-1, CAS-1)",1193,1205,109.4
Yahsat-1A (Y1A),35743,35823,1435.92
Yahsat-1B (Y1B),35780,35791,1436.07
Yamal-201,35773,35800,1436.1
Yamal-202,35774,35796,1436.06
Yamal-300K,35694,35866,1435.76
Yamal-402,35784,35789,1436.11
Yaogan 10 (Remote Sensing Satellite 10),625,628,97.2
Yaogan 11 (Remote Sensing Satellite 11),626,668,97.7
Yaogan 12 (Remote Sensing Satellite 12),487,496,94.4
Yaogan 13 (Remote Sensing Satellite 13),506,507,94.8
Yaogan 14 (Remote Sensing Satellite 14),469,481,94.1
Yaogan 15 (Remote Sensing Satellite 15),1201,1207,109.5
"Yaogan 16A (Remote Sensing Satellite 16A, Yaogan Weixing 16)",1080,1089,106.93
Yaogan 16B (Remote Sensing Satellite 16B),1079,1090,106.93
Yaogan 16C (Remote Sensing Satlelite 16C),1032,1081,106.33
"Yaogan 17A (Remote Sensing Satellite 17A, Yaogan Weixing 17)",1076,1111,107.12
Yaogan 17B (Remote Sensing Satellite 17B),1080,1111,107.13
Yaogan 17C (Remote Sensing Satellite 17C),890,1112,105.14
Yaogan 18 (Remote Sensing Satellite 18),509,513,94.84
Yaogan 19 (Remote Sensing Satellite 19),1201,1207,109.51
"Yaogan 2 (Remote Sensing Satellite 2, Jian Bing 5-2, JB 5-2)",633,661,97.7
"Yaogan 3 (Remote Sensing Satellite 3, Jian Bing 5-3, JB 5-3)",625,627,97.2
Yaogan 4 (Remote Sensing Satellite 4),635,658,97.7
"Yaogan 5 (Remote Sensing Satellite 5, JB 5-C, Jian Bing 5-C)",440,450,93.5
"Yaogan 6 (Remote Sensing Satellite 6, Jian Bing 7-A)",511,512,94.9
Yaogan 7 (Remote Sensing Satellite 7),628,665,97.7
Yaogan 8 (Remote Sensing Satellite 8),1192,1205,109.4
Yaogan 9A (Remote Sensing Satellite 9A),1017,1164,107.1
Yaogan 9B (Remote Sensing Satellite 9B),1017,1164,107.1
Yaogan 9C (Remote Sensing Satellite 9C),1017,1164,107.1
Youthsat,802,824,101.2
"Yubileiny (Jubilejnyj, Radio Sputnik 30 (RS-30))",1479,1508,115.8
ZACube-1 (TshepisoSat),594,683,94.4
"Zhangguo Ziyuan 2B (ZY-2B, JB-3B)",444,454,93.6
"Zhangguo Ziyuan 2C (ZY-2C, JB-3C)",555,606,96.3
"Zheda Pixing 1B (ZP-1B, Zhejiang University-1B)",619,653,97.4
"Zheda Pixing 1C (ZP-1C, Zhejiang University-1B",620,653,97.5
"Zhongxing 10 (XZ-10, Chinasat 10)",35775,35797,1436.05
Zhongxing 11 (Chinasat 11),35775,35803,1436.24
"Zhongxing 12 (Chinasat 12, ZX-12)",35759,35807,1435.92
"Zhongxing 1A (Chinasat 1A, Fenghuo 2)",35778,35796,1436.13
Zhongxing 20A,35773,35799,1436.05
Zhongxing 22A (Chinastar 22A),35767,35807,1436.1
Zhongxing 2A (Chinasat 2A),35781,35792,1436.09
"Zhongxing 9 (Chinasat 9, Chinastar 9)",35759,35812,1436.1
Ziyuan 1-02C,763,773,100.2
Ziyuan 3 (ZY-3),500,504,94.7
